Checkpoint,Games,Avg_Reward,Win_Rate,Network_Confidence,Experience_Loss,Strategy_Stability,Time_Elapsed
0,200,1.0213,0.2650,0.5120,0.001560,0.9984,0.70
1,400,0.9064,0.3025,0.5326,0.001329,0.9959,3.81
2,600,0.9384,0.3383,0.3628,0.002086,0.9978,11.18
3,800,0.9384,0.3125,0.4379,0.002387,0.9929,14.53
4,1000,0.9384,0.3140,0.5620,0.003148,0.0000,18.69
5,1200,0.9384,0.3300,0.5294,0.003030,0.0000,26.77
6,1400,0.9384,0.3957,0.0000,-nan(ind),0.0000,54.60
7,1600,-0.0843,0.4713,0.0000,-nan(ind),0.0000,94.54
